{
	"format_version": "1.8.0",
	"animations": {
		"open": {
			"animation_length": 1.72,
			"bones": {
				"bone": {
					"rotation": {
						"0.0": [0, 0, 0],
						"0.04": [2.5, 0, 0],
						"1.04": [-92.5, 0, 0],
						"1.08": [-90, 0, 0]
					}
				}
			}
		},
		"open_idle": {
			"animation_length": 1,
			"bones": {
				"bone": {
					"rotation": {
						"0.0": [-90, 0, 0]
					}
				}
			}
		},
		"idle": {
			"loop": true
		},
		"closing": {
			"animation_length": 1.72,
			"start_delay": "0.1",
			"bones": {
				"bone": {
					"rotation": {
						"0.0": [-90, 0, 0],
						"0.04": [-92.5, 0, 0],
						"0.08": [-90.54414, 0, 0],
						"0.12": [-87.37698, 0, 0],
						"0.16": [-83.81105, 0, 0],
						"0.2": [-80.03014, 0, 0],
						"0.68": [-30.27097, 0, 0],
						"0.84": [-13.88719, 0, 0],
						"0.88": [-9.96986, 0, 0],
						"0.92": [-6.18895, 0, 0],
						"0.96": [-2.62302, 0, 0],
						"1.0": [0.54414, 0, 0],
						"1.04": [2.5, 0, 0],
						"1.08": [0, 0, 0]
					}
				}
			}
		}
	},
	"geckolib_format_version": 2
}