{
	"format_version": "1.8.0",
	"animations": {
		"shine": {
			"loop": true,
			"animation_length": 8.6,
			"bones": {
				"bone": {
					"rotation": {
						"2.56": [0, 0, 0],
						"5.08": [2.07732, -48.57717, -1017.50553]
					},
					"scale": {
						"3.08": [0, 0, 0],
						"3.8": [1, 1, 1],
						"4.56": [0, 0, 0]
					}
				},
				"bone2": {
					"rotation": {
						"2.56": [0, 0, 0],
						"5.08": [2.07732, -48.57717, -1017.50553]
					},
					"scale": {
						"3.08": [0, 0, 0],
						"3.8": [1, 1, 1],
						"4.56": [0, 0, 0]
					}
				},
				"bone3": {
					"rotation": {
						"2.56": [0, 0, 0],
						"5.08": [2.07732, -48.57717, -1017.50553]
					},
					"scale": {
						"3.08": [0, 0, 0],
						"3.8": [1, 1, 1],
						"4.56": [0, 0, 0]
					}
				},
				"bone4": {
					"rotation": {
						"2.56": [0, 0, 0],
						"5.08": [2.07732, -48.57717, -1017.50553]
					},
					"scale": {
						"3.08": [0, 0, 0],
						"3.8": [1, 1, 1],
						"4.56": [0, 0, 0]
					}
				}
			}
		}
	},
	"geckolib_format_version": 2
}